label,PostContent
0,ትላንት የካቶሊኩ ጳጳስ ፍራንሲስ ለግብረ ሰዶማውያን የገለጹት የይፋ ድጋፍ አስመልክቶ የሀገራችንን ክርስቲያኖች አስተያየት ጠይቄ ለመናገር ሀሳቡን እንዲረዱትና መረጃ እንዲሆናቸው ከማሰብ አንጻር የሀገራችን ክርስቲያኖች ልዩነታችንም ቆሻሻ ተግባር አመለካከት ሳላውቅ ቀርቸ የሀገሬን ክርስቲያኖች ተግባሩን ከመቃወም አንጻር ፈጽሞ አልጠራጠራቸውም
0,ሰበር ብርጋዴን ጀነራል ጸጋዬ ማርክስ ይባላል የቀድሞ ክፍለጦር አዛዥ የማእከላዊ ምክትል አዛዥ የጄኔራል አበባው ታደሰ ምክትል ጸጋዬ የመራው የትግራይ ሀይል በኢትዮጵያ መከላክያ ሰራዊት ተደምስሶ ጸጋዬ ህይወቱ ማለፉ ተረጋግጧል ፈጣን ወቅታዊ ታማኝ ሀገርኛ አለማቀፍ ዜናዎች የቴሌግራም ቻናላችንን ሊንክ ይቀላቀሉ
0,የምወዳት የ አመት ፍቅረኛየ ወደ መቀሌ ሂዳ ህወሀትን እንደመረጠችና ለህወሀት የምርጫ ቅስቀሳ እንዳደረገች ሰማሁ ምን ላድርጋትቂጧን ብዬ ላባራት ወይስ በሰላም ልለያትይህን በማድረጓ ልቤ ተሰብሯል
0,ጽንፈኛው ቡድን ደምስሼዋለሁ የሀሰት ያሰራጨበት ክፍለጦር በጀግንነት በከፍተኛ እንደቀጠለ ጽንፈኛው ቡድን ደምስሼዋለሁ የሀሰት ያሰራጨበት ክፍለጦር በጀግንነት በከፍተኛ እየገሰገሰ የክፍል ጦሩየኦፕሬሽን ምክትል አዛዥ ኮሎኔል መንግስቱ በራያ ግምባር ህግን የማስከበር ተልእኮ የተሰጠው ክፍለጦሩ ቀደም ጁንታው ተዘጋጅቶ ምሽግ ገንብቶ የነበረበትን ወሳኝ ቦታዎች እያስለቀቀ የገጠመውን ሰራዊትም እየደመሰሰ እየተጓዘ በራያ ግንባር ክፍለጦር የኦፕሬሽን ምክትል አዛዥ ኮሎኔል መንግስቱ ለጋዜጠኞች በሰጡት መግለጫ ክፍለጦሩ ከሀዲው ቡድን በሰሜን በፈጸመው ጥቃት በከፍተኛ የልብ ስብራት ወጡን ቡድን በጋለ ወኔና ቁጭት እየደመሰሰው ሀሰት የሁል ተግባሩ የህወሀት ጽንፈኛ ቡድን ደምሽሼዋለሁ ክፍለጦር በየጦር አውዱ እየተቀዳጀ ቡድኑን አይቀጡ ቅጣት እየቀጣ ይገኛልም ክፍለጦርን ከባድ ጥቃት መቋቋም ያቃተው የከሀዲው ቡድን ሰራዊትም በአብዛኛው እየተማረከ ጥቂቱም እየፈረጠጠ እየተነሳ ክፍለጦሩ እልህ አስጨራሽ ውጊያም የጁንታውን ኮንክሪት ምሽግ አመድ አድርጓልም የአየር መቃወሚያውንም ከጥቅም ከማድረጉም ባለፈ ብረትለበስ ምሽጎችና የመሳርያ ማከማቻወቻቸውን ማጥቃት መቻሉን
0,ዳንኤል ብርሀኔን ሚዲያዎችን በመጠቀም አገር አፍራሽ መረጃ በሚያሰራጩ ግለሰቦች ወታደራዊ ሹማምንት የመያዣ ትእዘዝ ዳንኤል ብርሀኔን ሚዲያዎችን በመጠቀም አገር አፍራሽ መረጃ በሚያሰራጩ ግለሰቦች ወታደራዊ ሹማምንት የመያዣ ትእዘዝ መውጣቱን ፌዴራል ፖሊስ የአገር ክህደት ወንጀል በፈጸሙና እርከን በሚገኙ ወታደራዊ ሹማምንት በፈጸሙት የዘረፋ ወንጀል ንብረታቸው የሚፈለግ የጁንታው ህወሀት ቡድን አባላት ዳንኤል ብርሀኔ ዶክተር እዝቅኤል ገቢሳ ዶክተር አወል ቃሲም ሌሎች አምስት ግለሰቦች በአሀገር ውስጥና ባህር ሚዲያዎችን በመጠቀም አገር አፍራሽ መረጃ በሚያሰራጩ ግለሰቦች የመያዣ ትእዘዝ መውጣቱን ፌዴራል ፖሊስ በመግለጫው መሰረት ቀደም በፈጸሙት የአገር ክህደት ወንጀል የመያዣ ከወጣባቸው ጄኔራል መኮንኖች መኮንኖችና የበታች ሹማምንቶች ስማቸው ቀጥሎ የተገለጸው በተለያየ እርከን ወታደራዊ ሹማምንት የመያዣ እንዲወጣ ለመከላከያ ሰራዊታችን ሰናይት መብራህቱ ህዝቅኤል ጋቢሳም ከሰባቱ ዝርዝር ተካቷል
0,የመጅሊሱ መሪ ሙፍቲ ተብየው ከአድስ አበባ ወደ ክፍለ ሀገር ወሎ ከላላ ደገር ዶሪህ ሊሳለም ከሄደ ቀን ሁኖታል ኪሎ ሜትር ገረገገንቲ መንገድ በመጅሊሱ መኪና ሽር ብሎ ሄዶ እዚያ የሸህየን ዶሪህ እየተሳለመ ይገኛል
0,ቆምጬ አህያ አማራ በበዛበት እኛ የትግራዋይ ልጆች የት አንሂድ በሄድንበት ሁሉ አማራዎች ይገማሉ እፍ እፍ ደግሞ ምን ምን እንደሚሸቱ
0,መረጃ ከፋኖ የአማራ ሀይል አባላት ሊታገቱ መረጃ እየወጣ የአማራ ይደምሰስ የአማራ ሀይል ይበተን ህዝቡን ባርያ አድርገን እንግዛው የአማራ ሀይል ለራስህም ለወገንህም ስትል ከፋኖ ቆመህ መክት አከተመ
0,እኛ ወላይታዎች ወላሞ በሉን አህያም በሉን ከብትም በሉን ግን ሲዳማ የሚያመልከው ጣኦት ከማመልክ ሰውን እንደእባብ ከምገል ሰው ባልሆን ይሻለኛል
0,የጠቅላይ ሚንስትሩን ጉብኝት በመተከል ቡለን ወረዳ በኩጂ የታረደ የሚደርሱ ቤቶች መቃጠላቸው ተሰምቷል ጭፍጨፋው ስላልቆመ ቁጥሩ እንደሚል ይገመታል ጭፍጨፋው የተጀመረው ከሌሊቱ ሰአት አካባቢ እስከአሁን ለተጠቂዎቹ የደረሰ የመንግስት አካል አለመኖሩ ታውቋል
0,የስልጤ ሙስሊሞች ከኦሮሞ እንቆማለን ኦሮሞ በታሪክ ስልጤንእኮ አይወዱም ሊሰርቁነው ነውየሚሉት
0,ኢትዮጵያ ኦርቶዶክሱን ሙስሊሙን ፕሮቴስታንቱን ኦሮሞውን አማራውን ትግሬውን ብሄረሰቦች ነገሮቾን ያየዘች የስጦታ ካርቶናችን በውስጧ ልጆቼን ሁሌም መስኪድ ደጃፍ ቆሻሻ ተጥሎ ቢያገኙ ሊያነሱ እንደሚገባ አስተምራለሁ ወንድሞቻቸው የሚሰግዱበት ሙስሊሙም የቤተክርስትያን ቆሽሾ ቢያይ ወንድሞቼ የሚያመልኩበት ሊያጸዳ ለምሳሌ መስኪድ የምገባበት አጋጣሚ ጫማዬን አውልቄ አስፈላጊ ካልሲዬንም አውልቄ የመግባት ግዴታ አለበኝ የእስልምናን ማክበር አለብኝ ሙስሊሙም ቤተክርስትያኔ ሲመጣ ጫማውን አውልቆ የቤተክርስትያኗ ስረአት መግባት አለበት ባለቤቴ አይነ ስውር እኔን ከማግባት ወደኋላ አላለችም መጋቢ ሀዲስ እሸቱ
0,ሰበር የሱዳን ሏላዊ ምክርቤት ምክትል መንበር በሆኑት ጀነራል መሀመድ ሀምዳን ደግሉን የተመራው የሱዳን ልኡካን ቡድን አስመራ ገብቷል ከሁለት ቀናት በኤርትራ ጉዳይ ሚንስትር እስማን ሳልህ የሚመራውን የኤርትራ ልኡክ ቡድን ካርቱም ገብቶ በሁለቱ ሀገራት ግንኝነትና በቀጠናዊ ጉዳዮች ውይይት እንደተመለሰ የሚታወስ አስመራ የገባው የሱዳን ልኡክ ቡድን ፕሬዝዳንት ኢሳይያስ አፈወርቂ በጽህፈት ቤታቸው አግኝተው ስለሁለቱ ሀገራትና ቀጠናዊ ጉዳዮች ወቅታዊ ውይይት
0,ሰበር የግል ጠባቂዎችና ሀይል ተደምስሷል ከመቅሌ ርቀት የምትግኝ ትንሽ ተራራማ ከተማ ስዩም መስፍንና የህወሀት ጁንታዎች አሉበት የተጠቆመው ተራራማ ዋሻና ገደላማ የመከላክያ ሰራዊት ማምሻውን በወሰድው እርምጃ የህወሀት ባለስልጣናት ታማኝ የግል ጠባቂዎችና የተወሰኑ የህወሀት ሀይል አባላት ተደምስሰዋል በተራራማና ገደላማ ስዩም መስፍንን በስም ያልተጠቀሱ የህወሀት ሽማግሌ ባለስልጣናት አሉበት በተደርገው ጥቃት ጁንታዎቹ በህይወት ይኑሩ ይሙቱ የታወቀ ባይኖርም የታጠቀው የጥፋት ሀይል ተደምስሷል ተከታታዮች ቻናሌን ሊንክ ይቀላቀሉ
0,ኦሮሞዎች ጎጃም ነገስታት ሊሆኑ በጎጃም የአማራ ብሄረሰቦች የሚባሉት የኩሽ እየተባለ የሚጠራው ትልቁ ብሄረሰብ አገው ሀገሁ ኦሮሞ በኦሮሞ ሀገሁ ይብቃ በጎጃም በኦሮሞ ቋንቋ የሚጠሩ የብሄረሰቦች የቦታ የቀበሌ የወረዳ የአውራጃ የተራራናየወንዝ ስሞች ጎጃም በእርግጥ የኦሮሞ ሀገር ነበረች የኦሮሞ መሳፍንቶችና ነገስታቶች ጎጃምን ሲገዙ የኖሩት የሆሮጉዱሩ የኡሙሩ አቢዶ አቤቤን ወለደ አቤቤ ሳዴቃን ወለደ ሰዴቃ ታላቁ ሀይሉን ወለደ ሀይሉ የጎጃም ንጉሳዊ አገዛዝ ስርዎ መንግስትን መሰረተ ሀይሉ ደጃዝማች ጎሹን ወለደ ደጃዝማች አዳል ተክለ ሀይማኖትን ወለደ ኦሮሞዎች ጎጃምን የራሳቸው ንጉሶቻቸው ሊሆኑ የኩሽ ሀገው የኦሮሞ ጎጃም በሀይለ ስላሴ ምድር ይጠራል ሀጋሁ ተለወጠ ኦሮሞሀገሁ ይብቃ ኦሮሞን በደሙ ይጠላ የነበረው አለቃ አጽመ ጊዮርጊስ በጻፈው ታሪክ ጎጃም የኦሮሞ መሳፍንቶች ሀገር መሆኗን ጭሞር አረጋግጧል ታቦር ጓንጉል ትልቁ የጎጃም ንጉስ ያስተዳድር ቀኛዝማች ጉግሳ ኮርሚ የጎጃምና የጎንደር ንጉስ ያሰተዳድር ጉግሳ ኮርሚ ማሪዬ አሰቴር ሂሩትና ኢማምን ወለደ ኢማም የአባቱን ግዛቶች ተረክቦ ጎጃምን ሲያስተዳድር ከኢማም ቀጥሎ ማሪዬ የአባቱን ግዛት አስተዳደረ የአክሱም ትግሬ ወግቶ በማሸነፍ ትግራይን ሲያስተዳድር ማስረጃው የጎጃም መሰረት የሆነው ሀገሁ አገው የኦሮሞ
0,እናት ኢትዮጵያ በአንድነት በሚያምኑ በልጆቿ ነጻ ትወጣለች
0,ፍጹም ማች አያደርግም
0,የሰሞኑ አጀንዳ ልሆን የሀሰት መረጃ እየፈበረኩ ኦሮሞ ፕሮፖጋንዳ በመንዛት አመጽ ለመቀስቀስ መሞከር ወንጀል ተምሮ ይወጣል
0,አይጥ ምስክር ድንቢጥ ይላል የሀገሬ ሰው ልደቱን አትንኩብን ጀግናችን ነው የሚሉ አሉ የተነካነው እኛ ነን ምን ያህል ጓደኛን ወገንናችንን ያጣነው የምናውቀው እኛው ነን ጎበዝ የሆነ መጥቶ ከልደቱ ጋር ይከራከር የሚል ወገንም አለ ማውራት እኮ ጊዜ ከሰጠው ማንም ያወራል ተግባር ሞራል እምነት እውነታ ያለው ሰው ነው የምንፈልገው እራሱን ሳይሆን ሀገር የሚጠቅም
0,በባህርዳር ከተማ የሚገኘው የሰማእታት መታሰቢያ ሀውልት እንዲፈርስ የአማራ ክልል ባንዲራ ሰንደቅ አላማ እንዲቀየር ተወሰነ አሻራ ታህሳስ ባህርዳር በአማራ ክልል ርእሰ መዲና ባህርዳር ከተማ በተለምዶው አባይ የሚገኘው የሰማእታት ሀውልት እንዲፈርስ የክልሉን ባንዲራ እንደሚቀይር የአማራ ክልል መንግስት መወሰኑን የአሻራ ምንጮች ከውሳኔው አሻራ ያነጋገራቸው የባህር ከተማ ነዋሪዎ እንደገለጹት የሰማእታት ሀውልት ለአመታት በከተማዋ ይቁም የአማራን የማይወክል ይባሱኑም የተንበርካኪነት ምልክት የሚመስለው የከልሉ ባንዲራም የህወሀት የበላይነት በነበረበት ከህወሀት የተበረከተ የህዝቦችን ፍላጎት ያካተተ ሁለቱም የአማራ ጠላት ህወሀት መገለጫዎች እንዲወገዱ በመደረጉም የክልሉ መንግስት ከህዝቡ መደማመጥ እየጀመረ ያሳያል በእንዲህ ሰአት አባይ የሰማእታት ሀውልት በመፍረስ እንዳለም ለማወቅ ችለናል ዘወትር አዳዲስ መረጃ እንዲደርስዎ በመጫን ይቀላቀሉን ዩትዩብ ላይክ ሰብስክራይብ ያድርጉን
0,መምህር የኦሮሚያ ቤተክህነት የሚል ፔጅ ላይ ብጹእ አባታችንን ኦሮሞ ምን መሬት አለውና ነው የኦሮሞ ቤተ ክህነት የሚመሰርተው ብለዋል የሚል በኦሮሚኛ ጽፎለጥፎ አንብቢያለሁ ኮሜንቶቹን አንብቤ ብዙ ይምጣ ብቻ የሚል አንብቤያለሁ አባታችን ለጊዜው ወደዛ ባይሄዱ ጥሩ ነው
0,ፊንፊኔ ኬኛ ሲል የዋለው ዘላን ጋላ ማምሻውን በአድስ አበባ ፋኖወች ቀምሷል ትእግስትን እንደ ፍርሀት የቆጠረው ጋላ በመጨረሻም የዘራውን እያጨደ ነው
0, የዩናይትድ ስቴትስ የአፍሪካ ቀንድ ልዩ ልዑክ ማይክ ሐመር እስከ ታኅሣሥ 6 ቀን 2016 ዓ.ም ጅቡቲ ካታር እና ኢትዮጵያ ለሚኖራቸው ጉብኝት ወደ ምስራቅ አፍሪካ ይጓዛሉ ማይክ ሐመር በጂቡቲ በሚኖራቸው ቆይታ የምሥራቅ አፍሪካ በይነ መንግሥታት ባለሥልጣናትን 41ኛ ልዩ የመሪዎች ጉባኤ የሚሳተፉ ሲኾን ከጉባኤው ጎን ለጎንም ከጂቡቲ እና ከሱዳን መንግሥታት ባለሥልጣናት ጋራም ይገናኛሉ በአፍሪካ ቀንድ የአሜሪካ ልዩ ልዑክ ማይክ ሐመር በጅቡቲ በሚኖራቸው ቆይታ የሱዳንን ግጭት በቀጣናዊ እና ዓለም አቀፍ ጥረቶች ለማስቆም በሱዳን ዴሞክራሲያዊ ሽግግር እንዲሳካ ለማበረታታት ያልተገደበ ሰብአዊ አቅርቦት እንዲሳለጥና ለግጭቱ ተጎጂዎች ተጠያቂነት እና ፍትሕ እንዲረጋገጥ ግፊት እንደሚያደርጉ የዩናይትድ ስቴትስ የውጭ ጉዳይ ሚኒስቴር መግለጫ አስታውቋል ልዩ ልዑኩ በካታር በሚኖራቸው ቆይታም የዶሃ ፎረም ላይ እንደሚሳተፉ ሲገለጽ በሌላ በኩል ደግሞ ከካታር ባለሥልጣናት ጋራ በሱዳን ስላለው ግጭት እና የአፍሪካ ቀንድ ሰላምን አስመልክቶ በሚደረጉ ቀጣናዊ እና ዓለም አቀፋዊ ጥረቶች ላይ ይወያያሉ ተብሏል በኢትዮጵያም ከአፍሪካ ኅብረት ባለሥልጣናት ጋራ የመገናኘት ዕቅድ ያላቸው ልዩ ልዑኩ በሱዳንና በአጠቃላይ የቀጣናው አንገብጋቢ ጉዳዮች ላይ እንደሚወያዩ ይጠበቃል በተጨማሪም የኢትዮጵያ ባለሥልጣናት የፕሪቶርያውን ዘላቂ የተኩስ አቁም ስምምነት አፈጻጸምን እንዲቀጥሉ የትጥቅ መፍታት ማዋሐድ እና መልሶ ማቋቋም እንዲሁም የሽግግር ፍትሕ እና ተጠያቂነት ሒደቶች ላይ መሻሻል እንዲያደርጉ ያሳስባሉ ተብሏል አምባሳደር ማይክ ሐመር በዐማራ እና በኦሮሚያ ክልሎች ውስጥ እየተካሔዱ ያሉ ግጭቶች በውይይት እንዲፈቱ በግጭቱ ተሳታፊ የኾኑ ኹሉም አካላት ለሲቪሎች ደኅንነት እንዲጨነቁ ከጥላቻ ንግግሮች እንዲታቀቡና ሰብአዊ መብቶችን እንዲያከብሩ አሳስበዋል
0,ከህውሀት አዲስአለም ባሌማ ኬሪያ ኢብራሂም በፖሊስ ቁጥጥር ቃላቸውን እየሰጡ አምባሳደር ሬድዋን ሁሴን ትላንት ለውጭ ሚዲያዎች አስታወቁ ስለነበሩበት መረጃ እንዲያገኝ እንደሚደረገ
0,ለመላው በቤልጄምና አካባቢው ለምትገኙ የኢትዮጵያውያን በሙሉ በአሽባሪው የወያኔ ኢሀዴግ የግፍ አገዛዝ የወገኖቻችን ደም ሲፈስ ላንገበገባችሁ ኢትዮጵያውያን የቀረበ የሰላማዊ
0,ሌላው የቤተክርስትያንን ችግር ለዚ ውጥንቅጥ ያበቋት አክራሪ በሰው ጥላቻ በዘረኝነት የበከቱ አክራሪ የክልላችን አማራ ኦርቶዶክሶች ናቸው እሄ መታወቅ አለበት
0,አንተ ነፍጠኛ ጫነብኝ ስትል የነፍጠኛው ወንዝ ተሻግሯል ጎንደር ኢትዮጵያ
0,እየሱስ አህያ ጋላቢ ያለዳነው እየሱስ ሂሳብ ሌሎች ስዎችን የሚያድነው
0,አይበገሬው የኳስ ነፍጠኛ ዲዬጎ አርማንዶ ማራዶና አመቱ አለፈ አማራ የእንስሳት ሞትን ያዝናል አማራ ባለማወቅ ተሳስቶ በእንስሳ ካገኘ ይጸጸታል ባለማወቅ ከስህተት አያድንም በጾም ይቀጣል ለአማራ ማረድ የበታችነት ሽንፈት አማራ ለፊት እጣህን ይወሰናል ወንድነት ለፊት ይሄው አማራ በሺዎች በአሰቃቂ ታረዱ እፍረተ ስጋቸው ተቆረጠ እየሆንን ለውጪ ላረፈ እናዝናለን እንጽፋለን አማራ በቀል አይጠቅምም ከጠቀመ አማራ ደረጃ ከደረሰ ትላላችሁ አማራ ዘግናኝ ድርጊት ከቀጠለ አማራ በቀል የሚያደርግበት እሩቅ ጥበበኛው የኳስ ነፍጠኛ ዲዬጎ ማራዶና ነብስ ይማር
0,አየሽ እዚህ አገር ከንቱ ፍረጃ አለ አማኝ ሁሉ አክራሪ ሙስሊሙ አሸባሪ ጉራጌ ቋጣሪ ትግሬ ሁሉ ወያኔ ወጣቱ ወመኔ አማራው ነፍጠኛ ደርግ ሁሉ ግፈኛ ናቸው እያስባለ ቁልቁል የሚነዳን ጭፍን ጥላቻ አለ ዮናስ አንገሶም
0,ኦርቶማራ ጊዜው ሚሊዩን ሙስሊም ከኢትዩጽያ ብሄር ብሄረሰቦች እየተጣላችሁ ልትኖሩ አስተሳሰባችሁ የጋርዩሽ የቆመው ተንቀሳቀሱ አለም ጥሏችሁ ሂዷል
0,ሰበር ሀይሎች ጠቅላይ ኢታማዦር ጀነራል ብርሀኑ ጀግናው የኢትዮጵያ ሰራዊት መቀሌን መቆጣጠሩን አረጋግጠዋል
0,ኦሮሞ ባጠቃላይ ከብት ነው እኛ የምናዝነው ለተገደሉት ዲኩላወች ሳይሆን በቁሙ ለሞተው ጋላ ነው
0,የረፈደ አማራ በአማራ የመመራት የፓለቲካ ስልጣንን ተቆጣጥሮ የአማራን ህልውና ለመታደግ ከጸረ ብአዴን ንቅናቄ አዋጭ የትግል መስመር የብአዴን ተከፋይ ባንዳንና የደነቆረ መንጋን አስተያየት አናስተናግድም
0,በአውደ ውግያ ሲትሽመደመዱ ሰበር ታበዛላችሁ የናንተን የሚቀበል በፍንጢጣው የሚያስብ ደነዝ የሞራል ግምባታ ፕሮፖጋንዳም ሳይኮሎጂአዊ ጦርነት ገደብ በአውደ ውግያ ሲትሽመደመዱ ሰበር ታበዛላችሁ የናንተን የሚቀበል በፍንጢጣው የሚያስብ ደነዝ የሞራል ግምባታ ፕሮፖጋንዳም ሳይኮሎጂአዊ ጦርነት ገደብ
0,የአዲስ አበባ የመከላከያ ሰራዊቱ ይመሳሰላሉ ጄነራል ብርሀኑ ትናንት ከተናገሩት ጄነራል የተናገሩት በቴሌግራም የመከላከያ ሰራዊት አቅጣጫው የቴሌግራም ቻናል ቤተሰብ ይሁኑ
0,ሰበር አዳነች አቤቤ የአዲስ አበባ ከተማ ምክትል ከንቲባ የአዲስ አበባ አስቸኳይ ስብሰባ አዳነች አቤቤን ምክትል ከንቲባ ሾሟል ለሁለት አመት የአዲስ አበባ ምክትል ከንቲባ ሆነው ሲያገለግሉ የነበሩትን ኢንጂነር ታከለ ኡማን ተክተው አዳነች የከተማዋ ምክትል ከንቲባ ሹመቱን በእጩነት ያቀረቡት የብልጽግና ፖርቲ አስፈጻሚ ተስፋዬ በልጅጌ ናቸው የቀረበውን ሹመት ለምክር አባላት ቀርቦ የምክር አባላት አጽድቆል
0,ዳኔል ጥብቅናህ ባልከፋ ነበር ግን ጥብቅናህ በሰባዊነት ሳይሆን በወያኔነት ስለሆነ ወያኔወች እና ማይክራፎኖቻቸው ሲታሰሩ ብቻ ነው አንተም የጠብቅና ማይክህን የምታነሳው ሰው ከሆንክ ስለሰው ብቻ ተሟገት
0,አህያ ለአህያ ቢራገጥ ጥርስ አይሳበርም እንደዚሁ የአማራ ብልጽግና የኦሮሚያ ብልጽግና
0,ሰበር ሰአት በአባቶቻችን ጉታራ የእነ ተስፋዬ ይገዙ ቡድን የዞን መምሪያዎች ማናጅመንት አካላትን ሰብስበው እያወያዩ ሰራተኛው ከህዝቡ ይወግናል ወይንስ ከህገ ቡድን አብረን የምናየው ወላይታ ብሄራዊ ክልላዊ መንግስትሰበር ሰአት በአባቶቻችን ጉታራ የእነ ተስፋዬ ይገዙ ቡድን የዞን መምሪያዎች ማናጅመንት አካላትን ሰብስበው እያወያዩ ሰራተኛው ከህዝቡ ይወግናል ወይንስ ከህገ ቡድን አብረን የምናየው ወላይታ ብሄራዊ ክልላዊ መንግስት
0,አዲስ መረጃ ጌታቸው ረዳን የጁንታው ቡድን መሪዎች የሚጠቀሙባቸውና በአሻራ የሚከፈቱትን ተሽከርካሪዎች ተያዙ ጽንፈኛው ቡድን የመንገድ መሰረተ ልማት በሌለበት ከማይጨው ሜትር በምትገኘው ወረዳ የመንግስት የግል ተሽከርካሪዎችን ለመደበቅ ያደረገው ሙከራም መክሸፉን ኮሎኔል ደጀኔ የተናገሩት ተሽከርካሪዎቹን ከጽንፈኛው ቡድን ሀይሎች አስጥሎ በቁጥጥር ያዋለው ሰራዊቱ ፍተሻ በተሽከርካሪዎቹ መታወቂያ ፓስፖርቶች ተገኝተዋል ሰነዶቻቸውን ጥለው ከሸሹት መካከል የቀድሞው የመቐለ ዩኒቨርሲቲ ፕሬዚዳንት ፕሮፌሰር ክንደያ ገብረህይወት የማይጨው አስተዳዳሪ ሀፍቱ ኪሮስ ሌሎች የወረዳ አመራር ሰነድ ይገኝበታል በመከላከያ ሰራዊቱ ከተያዙት ተሽከርካሪዎች መካከል ስድስቱ በአሻራ የሚከፈቱ ዘመናዊ ተሽከርካሪዎች አራቱ ለኮሮና ወረርሽኝ መከላከል ከፌደራል መንግስቱ ለትግራይ ክልል የተበረከቱ አምቡላንሶች ይገኙበታል ጽንፈኛው ቡድን ሲጠቀምባቸው የጭነት ተሽከርካሪዎች ቦቴዎችንም ሰራዊቱ ማይጨው ከተማ እንዲገቡ በአሻራ የሚከፈቱትን ተሽከርካሪዎችም ከሞኤንኮ በመነጋገር ከአካባቢው ለማንሳትና ፍተሻ እየተሰራ አውስተዋል
0,ከቻግኒ ግልገል በለስ በመጓዝ ያለን ተሽከርካሪ የጉምዝ ታጣቂዎች ባደረሱት ጥቃት አንድን ቆራርጠው በመግደል የውስጥ እቃውን አውጥተው በመውሰድ ሰዎችን ማቁሰላቸውን መግለጻችን ቀደም ገልጸናል ጉዳት ደርሶባቸው ሆስፒታል ለህክምና ከሄዱት መካከል አንደኛው ሆስፒታል እንደደረሰ ህይወቱ ያለፈ ሁለተኛዋ ቁስለኛ ህክምና እየተደረገላት መረጃ ደርሶናል ክልሉ በኮማንድ ፖስት እየተመራ በአማራዎች የሚደርሰው ግድያ እንደቀጠለ
0,ስላም ስላም ሀላል መሬት ቅጽአተይ ወዲአ ተመሊስ አለኩ
0,የቢቢሲው ጋዜጠኛ ሞውሊድ አብዲ ኤርትራ አስመራ ከተማ ምሽቱን ሚሳኤል መመታቷን ጋዜጠኛው የኢንፎርሜሽን ሚኒስቴር አስመራ ኤርፖርቱ አቅራቢ ጥቃት ሳይደርስ እንዳልቀረ ጽፏል ኤርትራን አስመልክተው የሚዘግቡ ሚዲያዎችም አስመራ ፍንዳታ መሰማቱ በሀላም ተደጋጋሚ የተኩስ ድምጽ ዘግበዋል የኤርትራ መንግስት ይፋዊ መረጃ አልሰጠም መለከት
0,በታዋቂው አርቲስት ሀጫሉ ሁንዴሳ የላይ ጋይንት ወረዳ አስተዳደር በሆኑት በአቶ ታረቀኝ ዮሴፍ ግድያ የተሰማንን ሀዘን እየገለጽን መንግስት እነዚህንና ተመሳሳይ የወንጀል ግድያዎችን የፈጸሙትን አካላት በአፋጣኝ ለፍርድ እንዲያቀርብ እንጠይቃለን ማሀበረሰቡም አስፈላጊውን መረጃ ለመንግስት በማቀበል ወንጀለኞችን በማጋለጥ ሂደት ትብብር እንዲያደርግና ከማንኛውም ጥፋቶች እንዲያርቅ በአጸንኦት እናሳስባለን
0,የሱዳን መንግስት ከኢትዮጵያ በሚዋሰንበት ምስራቃዊ ድንበሩ ሱዳን ግዛት በኢትዮጵያ ሚሊሽያ አባላት የደፈጣ ጥቃት እንደተፈጸመበት በደፈጣ ጥቃቱ የሰዎች ህይወት ማለፉን በንብረት ጉዳት መድረሱንም የሱዳን ጠቅላይ ሚኒስቴር አብደላህ ሀምዶክ አሰወታውቀዋል ከኢትዮጵያ መንግስት የተባለ
0,ከታች በምስሉ የሚታየው ሹፌር ወሲፕ ይባላል የድባጢ ወረዳ ብልጽግና ሀላፊ ንጹሀን ዜጎችንና የመከላከያ ሰራዊት እንዲገደሉ ያደረገ በቁጥጥር ውሏል
0,ዳንጉር ወረዳ ሰባት በጉምዝ ተገደሉ ዋይታ ማንቡክ ነግሶ ውሏል ዳንጉር ወረዳ ሰባት በጉምዝ ተገደሉ ዋይታ ማንቡክ ነግሶ ውሏል
0,በረከታቸው በሁላችን ላይ ይደር
0,አሜሪካ አምባገነንነትሽን አቁሚ
1, አድዋ በኢትዮጵያ ውስጥ ትልቅ ታሪካዊና ባህላዊ ጠቀሜታ ያላት ከተማ ነች። በትግራይ ክልል የሚገኘው አድዋ በ1896 ዓ.ም የወሳኙ የአድዋ ጦርነት ቦታ በመሆን ታዋቂነትን አትርፎ የኢትዮጵያ ጦር የኢጣሊያ ቅኝ ገዢዎችን ወረራ በተሳካ ሁኔታ በመከላከልየአድዋ ጦርነት የአፍሪካ ጦር በአውሮጳ ቅኝ ገዢ ላይ ድል የተቀዳጀበት የመጀመሪያ ጊዜ በመሆኑ በአፍሪካ ታሪክ ትልቅ ቦታ ይይዛል። ይህ ድል የኢትዮጵያን ነፃነት ከማስጠበቅ አልፎ ከቅኝ አገዛዝ ጋር ለሚዋጉ ሌሎች የአፍሪካ ሀገራት መነሳሳት ሆኖ አገልግሏል አድዋ ከታሪካዊ ጠቀሜታው ባሻገር በባህላዊ ቅርሶቿ ትታወቃለች። የአድዋ ድል ሀውልትን ጨምሮ የአድዋ ድል ሀውልት ከተማዋ ጉልህ ስፍራዎች ያሉባት ከተማ ነች። ይህ ሀውልት የሀገር አንድነትና የኩራት ምልክት ነው አድዋ የበለፀገች ባህላዊ ትውፊቷን ተቀብላ የተለያዩ በዓላትን ታስተናግዳለች። በየዓመቱ የሚከበረው የዓድዋ ጦርነት ከተለያዩ ቦታዎች የተውጣጡ ኢትዮጵያውያንን ታሪካቸውንና ቅርሶቻቸውን ያከብራሉ። በዚህ አጋጣሚ በጦርነቱ ወቅት የታየውን ጀግንነት እና ጽናትን የሚያጎሉ ትርኢቶች፣ ባህላዊ ትርኢቶች እና ንግግሮች በበዓላት ላይ ይገኛሉ ከዚህም በላይ አድዋ ከታሪካዊ ክስተት ባለፈ ደማቅ የአካባቢ ባህልን ያሳያል። ከተማዋ ጎብኚዎች በአካባቢያዊ የአኗኗር ዘይቤ የሚጠመቁባቸው በርካታ የባህል ቅርሶች፣ ባህላዊ የእጅ ስራዎች እና የተጨናነቀ ገበያዎችን ታቀርባለች። የአድዋ ህዝብ ሞቅ ያለ እንግዳ ተቀባይነቱ የሚታወቅ ሲሆን ጎብኝዎች የኢትዮጵያን ባህላዊ ምግቦች እንዲቀምሱ እና እውነተኛ ኢትዮጵያዊ እንግዳ ተቀባይነትን እንዲያገኙ እድል በመስጠት ይታወቃል በአጠቃላይ አድዋ የኢትዮጵያ ህዝብ ጥንካሬ እና ቆራጥነት ማሳያ ነው። ታሪካዊ ጠቀሜታው፣ ባህላዊ ቅርሶቿ እና የአቀባበል ድባብ የኢትዮጵያን የበለጸገ ታሪክ እና ደማቅ ባህል ለመቃኘት ፍላጎት ላላቸው ሰዎች የግድ ጉብኝት መዳረሻ ያደርገዋል
1,ጥምቀታችሁን በቂጣቹ አስገቡት ነፍጠኞች 
1,አንድ በኢትዮጵያ ብር ሲመነዘር ስንት ይሆናል
1, ደብረ ታቦር የሐዲስ ኪዳን ደብረ ሲና ሆነች ሙሴ ሕዝቡን ከተራራ በታች ትቶ ከኢያሱና ከወንድማማቾቹ አብዩድና ናዳብ ጋር ወደ ሲና ተራራ ይወጣ እንደነበር ክርስቶስም ከጴጥሮስና ከወንድማማቾቹ ያዕቆብና ዮሐንስ ጋር ወደ ታቦር ተራራ ወጣ ሙሴ በሲና በደመና መካከል የእግዚአብሔርን ድምፅ እንደሰማ በታቦርም የአብ ቃል ተሰማ የታቦር ድምፅ ግን እንደ ሲና ባሪያዬ ሙሴ የሚል ሳይሆን የምወደው ልጄ’ የሚል ነበር ሙሴ በሲና ተራራ ባየው የእግዚአብሔር ክብር ምክንያት ፊቱ እስራኤል ተሸፈንልን እስኪሉት ድረስ አበራ የታቦር ተራራው ግን የተለየ ነበር  ብርሃኑ ከውስጡ የፈለቀው ጌታ ፊቱ ከሙሴ ይልቅ አበራ በልብሱ እንዳይሸፍነው ልብሱም ብርሃን ነበረና ተማሪዎቹ ወደቁ ታቦር እንዴት ያለች እግዚአብሔር የወደዳት ተራራ ናት ደብር ዘሠምሮ እንዲል ሐዋርያትና ነቢያት በአንድነት ቆመው የሚተያዩባት ብሉይና ሐዲስ የተዋወቁባት ጥላና አካል የተጋጠሙባት ይህች ተራራ እንዴት የተመረጠች ናት ታቦርና አርሞናዔም በስምህ ደስ ይላቸዋል እንደተባለ ነቢያትና ሐዋርያትን በግራ በቀኙ አድርጎ በሰማያዊ አባቱ የምወደው ልጄ ተብሎ ሲጠራ ስሙን ሰምታ ታቦር ምንኛ ደስ ይላት ይሆን የሰናፍጭ ቅንጣት ታህል እምነት አጣን እንጂ ነቅለን ወደ ሀገራችን ከምናስገባቸው ተራሮች አንዱ ታቦር በሆነ ነበር በታቦር ተራራ ሐዋርያትና ነቢያት በአንድ ወንበር ከሊቀ ሊቃውንት ክርስቶስ ትምህርት ተምረው ተመለሱ ሐዋርያቱ የነቢያት ጌታ መሆኑን ሲማሩ ነቢያቱ ደግሞ የሐዋርያት አምላክ መሆኑን አወቁ ነቢያት ደክመው የዘሩትን ከሚያጭዱ አጫጆች ሐዋርያት ጋር ተዋወቁነቢያት አምላክነቱን ያውቃሉ ሐዋርያት ደግሞ ሰውነቱን ያውቃሉ  በታቦር ተራራ ግን አዲስ ትምህርት ተማሩ ቅዱስ ኤፍሬም እንዲህ ይላል ነቢያቱ አይተውት የማያውቁትን ሰውነቱን አይተው ተደሰቱ ሐዋርያቱ አምላክነቱን አይተው ተደሰቱ ሐዋርያት ደነገጡ  እነርሱ ባልነበሩበት በዮርዳኖስ የተናገረውን የእግዚአብሔር አብን ድምፅ በታቦር ተራራ ሰሙ  ጴጥሮስ አንተ የሕያው እግዚአብሔር ልጅ ነህ ያለው በሰማይ ያለው አብ ገልጦለት ነበረ  አሁን በልቡ ያንን ቃል ያስቀመጠውን የአብን ድምፅ ሰምቶ ዓለቱ ስምዖን በፍርሃት ወደቀ የጌታን ፊት አብርቶ ሲያይ ሳያይ ያመነውን አምላክነቱን አወቀ ሐዋርያት በአንድ ቀን ሁለት ፀሐይ ወጥቶ አዩ  አንደኛው የተለመደችው ፀሐይ ስትሆን ሁለተኛው ደግሞ የሚያበራው የጌታ ፊት ነበር ይላል ቅዱስ ኤፍሬም እውነትም ስሙን ለሚፈሩ ሐዋርያት የጽድቅ ፀሐይ ክርስቶስ በታቦር ተራራ ላይ ወጣላቸው ቅዱስ ኤፍሬም በታቦር ተራራ ነቢያትና ሐዋርያት መገናኘታቸውን እንዲህ ሲል ያደንቃል የብሉይ ኪዳን ጸሐፊዎች የሐዲስ ኪዳን ጸሐፊዎችን አዩ ቅዱሱ ሙሴ ቅዱስ ጴጥሮስን አየው የአብ እንደራሴ የወልድን አገልጋይ ተመለከተው የብሉይ ኪዳኑ ድንግል ኤልያስ የሐዲስ ኪዳኑን ድንግል ዮሐንስን አየው በእሳት ሰረገላ ላይ የተሳፈረው ኤልያስ ወደ እሳታዊው ክርስቶስ ደረት የተጠጋውን ዮሐንስን አየው የታቦር ተራራ የቤተ ክርስቲያን ምሳሌ ሆነ ክርስቶስም ሁለቱን ኪዳናት አዋሐዳቸው ሐዋርያት ወድቀው የምወደው ልጄ ይህ ነው እርሱን ስሙት የሚል ቃል ከሰሙ በኋላ ሲነሡ ከክርስቶስ ብቻ በቀር ማንንም አላዩም በእርግጥም የምወደው ልጄ ይህ ነው ተብለው ማሳሰቢያ ከተሠጣቸው በኋላ ቀና ሲሉ ማግኘት ያለባቸው የሚወደው ልጁን ክርስቶስን ብቻ ካልሆነ አዋጁ ስለማን እንደሆነ ግራ ይገባቸው ነበር ይላል ማር ኤፍሬም ሐዋርያት ቀና ሲሉ ሙሴ የለም ኤልያስም የለም ለነገሩ ከሙሴም ከኤልያስም የሚልቀው ጌታ ከእነርሱ ጋር ካለ ምን ይፈልጋሉ ባልወለደው ፈርኦን የልጅ ልጅ ተብሎ ከተጠራው ሙሴ ይልቅ ባልወለደው ዮሴፍ የዮሴፍ ልጅ ተብሎ የተጠራው ክርስቶስ ከእነርሱ ጋር ነው ከፈርኦን ሰይፍ ተርፎ እስራኤልን ነጻ ካወጣው ሙሴ የሚበልጠው ከሔሮድስ ሰይፍ ተርፎ ዓለምን ነጻ ያወጣው ክርስቶስ ከእነርሱ ጋር አለ እናቱ ሞግዚቱ ሆና ካሳደገችው ሙሴ በላይ እናትና ገረድ ማርያም ደስ ብሏት ያሳደገችው ክርስቶስ አይሻላቸውም ግብፃዊውን ገድሎ ለማንም አትናገሩ ከሚለው ሙሴ ይልቅ ዕውራንን አብርቶ ለምፃምን አንጽቶ ፊቱ እንደ ፀሐይ አብርቶ ለማንም አትናገሩብኝ የሚለው ክርስቶስ አብሮአቸው ካለ ምን ይፈልጋሉ የቆምህበት ሥፍራ የተቀደሰች ናትና ጫማህን ከእግርህ አውልቅ ተብሎ ከተነገረው ሙሴ ይልቅ ‘የጌታ እግር በሚቆምበት እንሰግዳለን የጫማህን ጠፍር እንኳን ልፈታ አይገባኝም እየተባለ የተዘመረለት ክርስቶስ ከእነርሱ ጋር ነውና ለሦስቱ ደቀ መዛሙርት የሙሴ መሔድ አላስደነቃቸውም
1,አክራሪ ጋላ ምን ታሪክ ሊሰራ ይችላል ከመግደል ውጪ አዳነች አበቤ እጃ በደም የተጨማለቀ ጆኖሳይደር ስልጣንን ትልቀቅ ለነጀዋር ሜንጫ መግዥ ሚሊዮን ሰታለች ይህች አክራሪጆኖሳይደር ስልጣናን ትልቀቅ
1,እመነኝ ጃዋር ኩሎ ሰተት ብሎ ይገባል
1,የእምዬ ነኝ እንኳን ጣይቱዬን የምድሪቷን አፈር የማላስነካ የአሉላ መንፈስ የሰረጸኝ ዘራፍ የምል ለሀገሬ ልጅ የገብርዬ ነኝ
1,አስተዋይ ሴት አይደለሽም ስሜትሽ ተቆጣጠሪ አርቀሽ አስቢ ትግስት ውጤቱ ያማረ ነው ያንቺ ምክር ለአብይ ከጥቅሙ ጉዳቱ ይበልጣል እባክሽን ዝም በይ አንድ ሰው አንድ ሰው እንዴት ያቅታል ስትይ የው ውጤቱ
1,ነገ የባንዲራ ቀን ነው አትርሱ
1,በአማራ ህዝብ ላይ የሚፈጸመው ግድያ ይብካ
1, የቻይና ነጭ ሽንኩርት ለአሜሪካ ብሔራዊ ደኅንነት ስጋት ነው ሲሉ አንድ የምክር ቤት አባል አስጠነቀቁ አንድ የአሜሪካ ምክር ቤት አባል አገራቸው ከቻይና የምታስገባው ነጭ ሽንኩርት በአሜሪካ ብሔራዊ ደኅንነት ስጋት በመሆኑ የሚያመታው ተጽእኖ እንዲመረመር ጥሪ አቀረቡ የሪፐብሊካን ፓርቲው ተወካይ እንደራሴ ሪክ ስኮት ለአሜሪካ መንግሥት ንግድ መሥሪያ ቤት በጻፉት ደብዳቤ ላይ  ከቻይና የሚመጣው ነጭ ሽንኩርት ንጽህናው በተጠበቀ መልኩ ያልተመረተ መሆኑን በማመልከት ጉዳትን ያመታል ብለዋል ቻይና በዓለም ላይ ነጭ ሽንኩርት ወደ ተላየዩ አገራት በመላክ ቀዳሚዋ አገር ስትሆን  አሜሪካ ደግሞ ዋነኛዋ የምርቱ ተጠቃሚ ናት ነገር ግን በሁለቱ አገራት መካከል ሲካሄድ የነበረው የነጭ ሽንኩርት ንግድ ለዓመታት ውዝግብ ውስጥ የቆየ ነው ለዚህም ምክንያቱ ቻይና የነጭ ሽንኩርት ምርቷን ከሚገባው በታች በሆነ ዋጋ እያቀረበች ገበያዋን አጥለቅልቃለች በማለት አሜሪካ መክሰሷ ነው ከአውሮያኑ 1990ዎቹ አጋማሽ አንስቶም በአነስተኛ ዋጋ ከሚቀርቡ የቻይና ምርቶች የአሜሪካን አምራቾች ለመጠበቅ በሚል አሜሪካ በቻይና ምርቶች ላይ ቀረጥ ወይም ታሪፍ ጥላለች በቀድሞው ፕሬዝዳንት ዶናልድ ትራምፕ የሥልጣን ዘመን ደግሞ በምርቶቹ ላይ የተጣለው ታሪፍ ከፍ እንዲል ተደርጓል የምክር ቤት አባሉ ስኮት ከቻይና በሚገባው ነጭ ሽንኩርት ላይ ያላቸውን ስጋት በገለጹበት ደብዳቤያቸው ላይ በውጭ አገራት በተለይም ደግሞ በኮሚኒስት ቻይና በሚመረተው ነጭ ሽንኩርት ጥራት እና ደኅንነት ላይ አሳሳቢ የጤና ስጋት አለ ብለዋል ለዚህ ክሳቸውም በቆሻሻ ፍሳሽ መስመሮች ላይ ነጭ ሽንኩርት ማብቀል ጨምሮ በመረጃ የተረጋገጡ ያሏቸውን በይነ መረብ ላይ ያሉ ቪዲዮዎችን  የምግብ ማብሰል ፕሮግራሞችን እና ዶክምንታሪዎችን በማስረጃነት ጠቅሰዋል የምክር ቤት አባሉ በአሜሪካ ብሔራዊ ደኅንነት ላይ ተጽእኖ ባላቸው ከውጭ በሚገቡ ምርቶች ላይ ምርመራ እንዲደረግ በሚፈቅደው የአገሪቱ ሕግ መሠረት በቻይና የነጭ ሽንኩርት ምርት ላይ የንግድ መሥሪያ ቤቱ ምርመራ እንዲያደርግ ጥሪ አስተላልፈዋል ስኮት በሚደረገው ምርመራ ከቻይና ገብተው በአገሪቱ ውስጥ በተለያዩ ሁኔታዎች ተዘጋጅተው በሚገኙት የነጭ ሽንኩርት ምርቶች ላይ አጠቃላይ ምርመራ እንዲደረግ በዝርዝር ጠይቀዋል በመከተልም የምግብ ጤናማነት እና ደኅንነት ጉዳይ በአገራችን ብሔራዊ ደኅንነት በሕብረተሰብ ጤና እና በምጣኔ ሃብት ብልጽግና ላይ ተጨባጭ ስጋትን የሚደቅን ነው ብለዋል በሳይንሳዊ ጉዳዮች ላይ ለሕዝብ ጠቃሚ መረጃዎችን የሚያስተላልፈው ካናዳ ኪዩቤክ ዩኒቨርስቲ የሚገኘው የሳይንቲፊክ ሶሳይቲ እንዳለው በቻይና ውስጥ የመጸዳጃ ቤት ፍሳሽን እንደማዳበሪያነት በመጠቀም ነጭ ሽንኩርት ይበቅላል መባሉን የሚያረጋግጥ ምንም ማስረጃ የለም ብሏል ይህም ቢሆን ችግር እንደሌለው ከስድስት ዓመት በፊት ባወጣው ጥናት ላይ የሰው ዐይነ ምድር እንደ እንስሳቱ ሁሉ ለማዳበሪያነት ቢውል ውጤታማ ነው በእርሻ ቦታ ላይ ዐይነ ምድርን መጠቀም ደስ የሚል ባይሆንም እንደሚታሰበው ግን ችግር የሚያመታ አይደለም ሲል ገልጿል
1,ጨለምተኛ አማራ መቼም ከጥላቻ አይላቀቁም
1,ሱዳን በኢትዮጵያ ሲተዳደር ግዛቷን በመቆጣጠር በእጇ ማስገባቷን ገልጻለች የቆጡን አወርድ የብብታቸውን እየጣሉ እንካን በሰላም መጣቹ ሱዳኖች
1,እሽ ቀጥል አንተ የብልግና የወጥ ቤት ሰራተኛ ነው መሆን ያለብህ ጡረተኛ
1,ንግድ ትርኢቶች የገናን በአል በማስመልከት የተዘጋጁ 
1,ጎንደርን በሚገባ ያወከው ብላቴናው የሙዚቃ ባለሙያ ቴዲ አፍሮ ነውጎንደር ጎንደር የኢትዮጵያ ዋልታና ለኢትዮጵያ ታሪክ ማእከል
1,እድሜ ለናንተ የጥምቀት በአልም ወደ ልሙጥ ጨርቅ በአል ተቀይሯል
1,አዝለኸው ዙር ግንባር ላይ ተነቀሰው ግድ የለኝም አንተም እሱም ገደል ግቡ
1,ኢትዮጵያ በአማራ ህዝብ እያፈረች ለዘለአለም ትኑር
1,ሱዳን ሱዳን ከግብጽ ወታደራዊ ልምምድ ስያረጉ ሰራዊትዋ አማራ ክልል አስጠጋች
1,ያገለግሉናል ብላቹ በተንኮል አሰለጠኗች ጭራሽ በልጠዋቹ ቁጭ
1,በታም ቲሩ ልምድ አለው 
1,ሀሴትን ከበጎነት የሰው ልጅ በምድር ሲመላለስ ታላቅ የመንፈስ እርካታን ከሚያጎናጽፉት ተግባራት መካከል አንዱ ለተቸገረ መድህን ለወገንም አለኝታ መሆን ሲችል ነው
1,ትግሬወች ከየመን መጠው መዳቀል ጀመሩና እየተራቡ ሂደው አሁን አናሳ ብሄር መሰረቱ
1,ከመተላለቅ ውጭ በጦርነት አሸናፊም ተሸናፊም የለም
1, የአሜሪካ ምክር ቤት  ለዩክሬን እና ለእስራኤል የታሰበውን እርዳታ አገዱ የአሜሪካ የህግ መወሰኛ ምክር ቤት ሴኔት የሪፐብሊካን ፓርቲ አባላት የሀገራችን ድንበር ጸጥታ አልተጠበቀም በሚል በምላሹ ለዩክሬን እርዳታ ለመሰጠት የቀረበውን ረቂቅ አግደውታል አባላቱ ለዩክሬንና ለእስራኤል ጋዛ እርዳታ የታቀደውን በድምሩ 110 ሚሊዮን ዶላር እርዳታ ነው ያገዱት ሪፐብሊካኖች ለዩክሬን የሚሰጠው ማንኛውም  አይነት እርዳታ ከአሜሪካ የስደተኝነትና ጥገኝነት ጥያቄ ማሻሻያዎች ጋር እንዲያያዝ ሃይለኛ ፍላጎት አላቸው የባይደን ጽህፈት ቤት ኋይት ሃውስ አሜሪካ ለዩክሬን የምጸተውን እርዳታ በቅርቡ እንደሚሟጠጥ ገልጿል የአሜሪካ የህግ መወሰኛ ምክር ቤት ሴኔት አባላት ለመጽደቅ 60 ድምጽ የሚያስፈልገውን ረቂቅ የእርዳታ ሰነድ 51 ለ 49 በሆነ ድምጽ ውድቅ አድርጎታል ይህ ውሳኔ ለዩክሬን ወደፊት የሚቀርብ እርዳታ መኖሩ ላይ ጥያቄ የሚያስነሳ ሲሆን ለክረምት እረፍት አንድ ቀን ወደ የቀረው የአሜሪካ ምክር ቤት ኮንግረስ ተመልሶ ይላካል በሴኔቱ የሚገኙ ሁሉም የሪፐብሊካን አባላትና ገለልተኛ የምክር ቤት አባላት የሆኑት በርኒ ሳንደርስ የእርዳታ ዕቅዱን በመቃወም እጅ አንስተዋል በርኒ ሳንደርስ ቀደም ብለው የዩክሬን እና እስራኤል እርዳታ ላይ ጥያቄ እንዳለቸው ገልጸው ነበር የቀኝ አክራሪ ለሆነው የኔታኒያሁ መንግስት አሁን የያዘውን የጦርነት መንገድ እንዲቀጥል ከ10 በሊዮን ዶላር የዘለለ እርዳታ ማቅረብ አለብን ብዬ አላምንም ሲሉ ተደምጠዋል የምክር ቤት አባሉ የኔታኒያሁ የአሁኑ የጦርነት አካሄድ በሺ የሚቆጠሩ ሲቪል ሰዎችን ለሞት ዳርጓል ብለዋልለረጀም ጊዜ ኔታኒያሁን በመቸት የሚታወቁት እኚሁ የምክር ቤት አባል የእስራኤል መንግሥት የሚያደርገው ነገር ያልተገባና ዓለም አቀፍ መርኾችን የጣሰ ነው ያሉ ሲሆን ሀገራቸው አሜሪካ ይህንን መደገፍ እንደሌለባትም ተናግረዋል
1,የማቴዎስ ወንጌል ጌታችሁ በምን ሰአት እንዲመጣ አታውቁምና እንግዲህ ንቁ
1,ዶር ገመቹ የሚባለው የጋላ ምሁር ስለ ጋላ ሀይማኖት ትናንት በ ከተናገራቸው እውነታወች ዋና ዋናወቹ ጋላኦሮሞ ሀይማኖቱ ኢሬቻ ሲሆን ፈጣሪው ደግሞ ዋቃ ነው በየስምንት አመቱ አንድ ጊዜ ጾም አለው ብሏል
1,ሸዋል ኢድ  ዩኔስኮ በዓለም ቅርስነት የመዘገበው የሐረሪዎች የአደባባይ በዓል ከቀናት በፊት የተባበሩት መንግሥታት የትምህርት የሳይንስ እና የባህል ድርጅት (ዩኔስኮ) የሸዋል ኢድ በዓል አከባበር ከዓለም የማይዳሰሱ ቅርሶች መካከል አንዱ አድርጎ መመዝገቡን አስታውቋል ይህንን ተከትሎም ሐረር በኢትዮጵያ ካሉ ከተሞች በዩኔስኮ ሁለት ቅርሶችን ያስመዘገበች ከተማ ለመሆን ስtእበቃ የሸዋል ኢድ በዓል በማይዳሰስ ቅርስነት በዩኔስኮ የተመዘገበ አምስተኛው የኢትዮጵያ ቅርስ ሆኗል የረመዳን ጾም ለእስልምና እምነት ተከታዮች ታላቅ የጾም ወር ነው በረመዳን ጾም ወር ማብቂያ ላይ ተጨማሪ ስድስት የጾም ቀናት ያሉ ሲሆን፣ የእነዚህን ቀናት መጠናቀቅን ተከትሎ ነው ሐረሪዎች የሸዋል ኢድ በዓልን የሚያከብሩት በሐረሪዎች ዘንድ በድምቀት ከሚከበሩ ሃይማኖታዊ በዓላት መካከል ከረመዳን ጋር የተያያዙ አው አባድር ዚያራ በድሪ ሀቲመት እና ሸዋል ኢድ ይጠቀሳሉ አው አባድር ዚያራ በድሪ እና ሀቲመት የሚከበሩት በረመዳን ወር ሲሆን የሸዋል ኢድ ግን ኢድ አልፈጥር በተከበረ በሳምንቱ ይከበራል በመላው የእስልምና እምነት ተከታዮች ዘንድ በታላቅ ድምቀት የሚከበረውን የኢድ አልፈጥር በዓልን አንድ ሳምንት አልፎ በሐረሪ ብሔረሰብ ዘንድ የሚከበረው የሸዋል ኢድ በዓል ለሐረር በተለይም ደግሞ ለጀጎል አካባቢ ድምቀት ነውሸዋል ኢድ ስድስት ቀናትን ተከትሎ ለመከበሩ አንዱ ምክንያት በእስልምና አስተምህሮ ሴቶች በረመዳን ጾም ወቅት የወር አበባ በሚያዩባቸው ቀናት ጾሙን ስለሚያቋርጡ ያጎድሏቸውን የጾም ቀናት ለማካካስ እንዲችሉ ለማድረግ መሆኑን አቶ ተወለዳ አብዶሽ፣ የሐረሪ ክልል የባህል ቅርስ እና ቱሪዝም ቢሮ ኃላፊ ያስረዳሉ
1, የምንለው በምክንያት ነው
1,ወሮ በቄ ተደፍራለች እንጅ አልተደፈረችም
1,ልባችንን ከፍተን ውስጣችንን ገልጠን በንጹህ ልቦና ሁሉንም አድምጠን ነገን እንለውት
1,አቤሎ እኔ አሁን እየገረመኝ ያለው በጣም ምስኪን ከመሆናችን የተነሳ መንግስትን ይቅርታ ሳይጠይቅ ይቅር የምንለው ነገር
1,ሰላም እደሪ ኢትዮጲያዬ
1,ባለፉት ሰአት የላብራቶሪ ምርመራ የኮሮና ቫይረስ ተገኝቶባቸዋል በአጠቃላይ በሀገራችን ቫይረሱ በምርመራ የተገኘባቸው ደርሷል ሁሉም ኢትዮጵያውያን ወንዶች ሴቶች ከአዲስ አበባ ከአማራ ክልል ከትግራይ ክልል ከኦሮሚያ ሀረሪ ክልል ከሶማሊክልል ከደቡብ ክልል የኢትዮጵያ ጥበቃ ሚኒስቴር
1,ማህበረ ቅዱሳን  እየደረሰ ባለው ሙስሊሙንና ሀገርን የማውደም ዘመቻ
1,ትግሬ የገነባውን እያቃጠለው ነው
1,የጎጃም እና የጎንደር ሙስሊሞችም ቢሆኑ ወደ መስጊድ የሚሄዱት ሶላት ሰግዶ አላህን ለማስታወስ ሳይሆን የ ሰርቶ ጫማ ሰርቆ ለመመለስ ብቻ ነው አከተመ
1,ይድረስ ለአናሳ ብሄሩ ተወላጁ ለፉጋው ባንድራ በቀለ አንተን ጨምሮ ጥቅት በጋሞ ቁጫ ወረዳ ውስጥ የምትኖሩት አናሳዎቹ የወላይታ ተወላጆች የሌለውን ማንነት ጋሞ ህዝብ ይስጠን በማለት መጠየቃችሁ ይታወቃል ማንነት በመጠየቃችሁ ስህተት አልሰራቹም ስህተቱ የጠየቃችሁበት መንገዱ ነው ከወላይታ ለቀን መራተኝነት እና ከረሀብ ለመሸሽ መጥታችሁ የወላይታ ህዝብን ሳይሆን የጋሞን ይዝብ ማንነት መጠየቃችሁ እጅግ በጣም አሳፋሪ ነው
1,እኛ አማራዎች ኢትዮጵያዊያን ከአሁን በሀላ የኦሮሞን ጋላ የትግሬ ፖለቲከኛ ማባበል መለማመጥ መቆም አለበት ስለሆነም እውነተኛ ታሪካቸውን እስካልነገርናቸው ድረስ ነገም ዛሬም ችግር ላይ መውደቃችን ይቀጥላል
1,እውነት ነው እግዚአብሄር ይረዳዋል በእርግጥኝነት መናገር የምችለው ዶክተር አብይን የኢትዮጵያ አምላክ አያሳፍረውም ሁሉ ነገር ይሳካለታል
1,ኦርቶዶክስ በሀይል እንጂ እምነቱ ጠፍቶበታል ከፕሮቴስታንቶች ከሙስሊሞች ደግነትን ቢማሩ እና አስተዋይነትን ቢላበሱ ጥሩ ነው 
1,ሁል ጊዜ በጌታ ደስ ይበላችሁ
1,ዳይ ወደ ስራ የሚባክን ጊዜ መኖር የለበትም
1,ታከለ ኡማ ማለት የኢትዮጵያ ጭራቅ የአዲሳባ የአማራ የክርስትና ሁሉ አውዳሚ መርዘኞ ጋላ ማለት ነው ስለዚህ ይውረድ ወይም ይባረር ጥቅም የለሽ ጋላነው
1,ዘረኛው ኦሮመኛ ተናጋሪው ሳይሆን ኦሮመኛ ሲሰማ ጆሮው እሚደማው ነው      
1,ይድረስ ለአናሳ ብሄሩ ተወላጁ ለፉጋው ባንድራ በቀለ አንተን ጨምሮ ጥቅት በጋሞ ቁጫ ወረዳ ውስጥ የምትኖሩት አናሳዎቹ የወላይታ ተወላጆች የሌለውን ማንነት ጋሞ ህዝብ ይስጠን በማለት መጠየቃችሁ ይታወቃል ማንነት በመጠየቃችሁ ስህተት አልሰራቹም ስህተቱ የጠየቃችሁበት መንገዱ ነው ከወላይታ ለቀን መራተኝነት እና ከረሀብ ለመሸሽ መጥታችሁ የወላይታ ህዝብን ሳይሆን የጋሞን ይዝብ ማንነት መጠየቃችሁ እጅግ በጣም አሳፋሪ ነው
1,በጥናቱ መሰረት ከፍተኛ የትምህርት ተቋማት የምርምር የትምህርት ተቋማት የአፕላይድ የትምህርት ተቋማት አጠቃላይ እና የትምህርት ተቋማት ደግሞ ስፔሻላይዝድ በሚል ተለይተዋል
1,አንዳንዴ ዝም በማለትና ወሬ ባለማራገብ የሀገራችንን ሰላም ማስተበክ ይቻላል
1,እናንተ የመጨረሻው ዘመን ደናቁርት አህዛብ ሀጥያታችሁ በዝቷልና ንሰሀ ግቡ 